id;first_name;last_name;email;gender
1;Kym;Hamshere;khamshere0@so-net.ne.jp;Female
2;Tammy;Reveland;treveland1@psu.edu;Female
3;Karlie;Ropars;kropars2@ezinearticles.com;Female
4;Hurley;Simone;hsimone3@google.fr;Male
5;Ermina;Renals;erenals4@merriam-webster.com;Female
6;Iggy;Teall;iteall5@myspace.com;Male
7;Nancy;Mc Meekin;nmcmeekin6@google.ru;Female
8;Rich;Leroy;rleroy7@gizmodo.com;Male
9;Mannie;Birchwood;mbirchwood8@cnbc.com;Male
10;Moore;Ambrosini;mambrosini9@economist.com;Male
11;Creight;Bolduc;cbolduca@zimbio.com;Male
12;Gelya;Gogarty;ggogartyb@hud.gov;Female
13;Jorrie;Patching;jpatchingc@nationalgeographic.com;Female
14;Kylie;Johnes;kjohnesd@webnode.com;Female
15;Denys;Batalini;dbatalinie@ovh.net;Male
16;Madlen;Monnelly;mmonnellyf@meetup.com;Female
17;Ellery;Balasini;ebalasinig@ifeng.com;Male
18;Reider;Gandley;rgandleyh@earthlink.net;Male
19;Jacquenette;Cram;jcrami@ocn.ne.jp;Female
20;Brinna;Macilhench;bmacilhenchj@google.de;Female
21;Constancia;Gillyett;cgillyettk@github.io;Female
22;Yancey;Dimitru;ydimitrul@blogs.com;Male
23;Christophe;Volante;cvolantem@canalblog.com;Male
24;Rowena;Nuzzti;rnuzztin@indiatimes.com;Female
25;Joellen;Loeber;jloebero@engadget.com;Female
26;Chrotoem;Ruddin;cruddinp@who.int;Male
27;Karita;Garwill;kgarwillq@bluehost.com;Female
28;Ruby;Kuhn;rkuhnr@163.com;Female
29;Tristam;Attenborough;tattenboroughs@miibeian.gov.cn;Male
30;Athene;Dollard;adollardt@blogtalkradio.com;Female
31;Arlan;Stutard;astutardu@plala.or.jp;Male
32;Lynda;Murphey;lmurpheyv@histats.com;Female
33;Jaynell;Thomason;jthomasonw@vk.com;Female
34;Archibaldo;Hoyland;ahoylandx@bizjournals.com;Male
35;Lizbeth;Darkott;ldarkotty@technorati.com;Female
36;Hamlin;Macenzy;hmacenzyz@sourceforge.net;Male
37;Natalya;Pavis;npavis10@si.edu;Female
38;Geoff;Handrick;ghandrick11@weibo.com;Male
39;Barton;Jeaffreson;bjeaffreson12@furl.net;Male
40;Layton;De Cruz;ldecruz13@freewebs.com;Male
41;Vikky;Eilert;veilert14@indiatimes.com;Female
42;Ervin;Peeke;epeeke15@gov.uk;Male
43;Ramonda;Piele;rpiele16@cocolog-nifty.com;Female
44;Fitzgerald;Pickton;fpickton17@hugedomains.com;Male
45;Brandyn;Halward;bhalward18@sbwire.com;Male
46;Dominica;Clemont;dclemont19@ucla.edu;Female
47;Livia;Hadrill;lhadrill1a@tripadvisor.com;Female
48;Aarika;Gilbank;agilbank1b@vkontakte.ru;Female
49;Baxter;Kilian;bkilian1c@exblog.jp;Male
50;Sibbie;Chastang;schastang1d@joomla.org;Female
51;Philip;MacCathay;pmaccathay1e@dedecms.com;Male
52;Lavinie;Baglan;lbaglan1f@comsenz.com;Female
53;Dom;Foro;dforo1g@chron.com;Male
54;Clio;Musla;cmusla1h@ebay.co.uk;Female
55;Fidelity;Blandamere;fblandamere1i@utexas.edu;Female
56;Claudio;Dodds;cdodds1j@nytimes.com;Male
57;Mano;Matyashev;mmatyashev1k@weibo.com;Male
58;Corey;Gunney;cgunney1l@comsenz.com;Female
59;Delmar;Cassey;dcassey1m@jimdo.com;Male
60;Rustie;Bryce;rbryce1n@naver.com;Male
61;Boyce;Pitkethly;bpitkethly1o@businessweek.com;Male
62;Ignaz;Philippard;iphilippard1p@multiply.com;Male
63;Klaus;Bridgwood;kbridgwood1q@eventbrite.com;Male
64;Neal;Linnitt;nlinnitt1r@eventbrite.com;Male
65;Franky;Creelman;fcreelman1s@salon.com;Female
66;Sonny;Davitashvili;sdavitashvili1t@oakley.com;Male
67;Carola;Brame;cbrame1u@ustream.tv;Female
68;Sawyer;Dalston;sdalston1v@biblegateway.com;Male
69;Olly;Trevarthen;otrevarthen1w@arstechnica.com;Male
70;Patin;Yarnton;pyarnton1x@people.com.cn;Male
71;Olav;Bandiera;obandiera1y@drupal.org;Male
72;Wendeline;O'Mahoney;womahoney1z@sakura.ne.jp;Female
73;Lancelot;Attiwill;lattiwill20@pcworld.com;Male
74;Theressa;Dilliston;tdilliston21@engadget.com;Female
75;Amye;Wroughton;awroughton22@1688.com;Female
76;Alexandra;Allder;aallder23@cafepress.com;Female
77;Cassaundra;Mayworth;cmayworth24@mtv.com;Female
78;Yoshiko;Addy;yaddy25@dedecms.com;Female
79;Stanford;Dwyer;sdwyer26@wikia.com;Male
80;Mervin;Cluely;mcluely27@timesonline.co.uk;Male
81;Pammy;Bonnar;pbonnar28@bizjournals.com;Female
82;Lucretia;Monnery;lmonnery29@chronoengine.com;Female
83;Kattie;Vase;kvase2a@ucoz.com;Female
84;Lea;Claiden;lclaiden2b@ucoz.com;Female
85;Emory;Maddison;emaddison2c@hexun.com;Male
86;Harald;Johnes;hjohnes2d@yahoo.co.jp;Male
87;Leontine;Plumridge;lplumridge2e@jimdo.com;Female
88;Cary;Lickess;clickess2f@nyu.edu;Male
89;Alano;Kitcher;akitcher2g@archive.org;Male
90;Eddie;Dunstall;edunstall2h@earthlink.net;Male
91;Angel;Murcutt;amurcutt2i@sbwire.com;Female
92;Penny;Kurdani;pkurdani2j@issuu.com;Female
93;Ave;Coiley;acoiley2k@go.com;Male
94;Karlee;McCanny;kmccanny2l@fotki.com;Female
95;Deloria;Mougel;dmougel2m@dyndns.org;Female
96;Lucita;Pimblott;lpimblott2n@uol.com.br;Female
97;Denise;Allman;dallman2o@abc.net.au;Female
98;Holt;Poschel;hposchel2p@statcounter.com;Male
99;Buiron;Lambertini;blambertini2q@shinystat.com;Male
100;Odele;Suttell;osuttell2r@drupal.org;Female
101;Brand;Drohun;bdrohun2s@youtu.be;Male
102;Moyra;Marsay;mmarsay2t@amazonaws.com;Female
103;Onofredo;Gettins;ogettins2u@hostgator.com;Male
104;Sarena;Kordes;skordes2v@bloglines.com;Female
105;Betta;Whitsun;bwhitsun2w@oaic.gov.au;Female
106;Shandra;Elcome;selcome2x@ow.ly;Female
107;Grange;Annandale;gannandale2y@marketwatch.com;Male
108;Cristiano;Sappson;csappson2z@answers.com;Male
109;Veronike;Thraves;vthraves30@earthlink.net;Female
110;Clive;Fache;cfache31@foxnews.com;Male
111;Bessy;Commander;bcommander32@illinois.edu;Female
112;Stevie;Curle;scurle33@stanford.edu;Male
113;Bertina;Di Filippo;bdifilippo34@edublogs.org;Female
114;Augustin;Dyson;adyson35@huffingtonpost.com;Male
115;Derwin;Udie;dudie36@360.cn;Male
116;Donal;Spaduzza;dspaduzza37@dyndns.org;Male
117;Kin;Hegley;khegley38@hostgator.com;Male
118;Adair;Gaffney;agaffney39@google.de;Male
119;Archie;Swaby;aswaby3a@sakura.ne.jp;Male
120;Nelie;Burlingame;nburlingame3b@unc.edu;Female
121;Darby;Crocetto;dcrocetto3c@walmart.com;Male
122;Meredith;Tongs;mtongs3d@mtv.com;Male
123;Pen;Stonbridge;pstonbridge3e@yandex.ru;Female
124;Maureen;Elman;melman3f@arstechnica.com;Female
125;Gerrie;McCoy;gmccoy3g@earthlink.net;Male
126;Sibella;Longland;slongland3h@technorati.com;Female
127;Eddie;Adaway;eadaway3i@linkedin.com;Male
128;Andras;Mahaddie;amahaddie3j@gravatar.com;Male
129;Magdaia;Turfin;mturfin3k@usnews.com;Female
130;Pierson;Scole;pscole3l@netvibes.com;Male
131;Tessy;Gooddy;tgooddy3m@cpanel.net;Female
132;Gilly;Gwilliams;ggwilliams3n@icio.us;Female
133;Ab;Hendrix;ahendrix3o@uol.com.br;Male
134;Kara-lynn;Ardley;kardley3p@huffingtonpost.com;Female
135;Nedi;Phettiplace;nphettiplace3q@tiny.cc;Female
136;Garnet;Burnage;gburnage3r@t-online.de;Female
137;Marilin;Lewry;mlewry3s@nyu.edu;Female
138;Ferdinand;Taill;ftaill3t@usgs.gov;Male
139;Leeanne;Champain;lchampain3u@slashdot.org;Female
140;Judah;Andrich;jandrich3v@wikia.com;Male
141;Emile;Krauss;ekrauss3w@meetup.com;Male
142;Gabriel;Danilin;gdanilin3x@scientificamerican.com;Female
143;Damian;Scupham;dscupham3y@twitter.com;Male
144;Melicent;Lotte;mlotte3z@youtu.be;Female
145;Mildrid;Breffitt;mbreffitt40@geocities.com;Female
146;Lance;Grocutt;lgrocutt41@theglobeandmail.com;Male
147;Dulcine;Friskey;dfriskey42@archive.org;Female
148;Shannah;Cudiff;scudiff43@stumbleupon.com;Female
149;Yuri;Cruden;ycruden44@bigcartel.com;Male
150;Othelia;McCoveney;omccoveney45@networkadvertising.org;Female
151;Tootsie;Melody;tmelody46@mozilla.com;Female
152;Ario;Ilyuchyov;ailyuchyov47@vk.com;Male
153;Rafa;Gamlyn;rgamlyn48@paginegialle.it;Female
154;Stormie;Rosas;srosas49@buzzfeed.com;Female
155;Gregor;Vizard;gvizard4a@ow.ly;Male
156;Alberta;MacCrann;amaccrann4b@trellian.com;Female
157;Kareem;Sweeney;ksweeney4c@cdc.gov;Male
158;Frederich;Congram;fcongram4d@myspace.com;Male
159;Dunstan;Parnby;dparnby4e@fotki.com;Male
160;Wilone;Snoxell;wsnoxell4f@shareasale.com;Female
161;Freedman;Matfin;fmatfin4g@desdev.cn;Male
162;Layla;Gomersal;lgomersal4h@artisteer.com;Female
163;Angy;Leap;aleap4i@360.cn;Female
164;Clementine;Piddocke;cpiddocke4j@woothemes.com;Female
165;Boycey;Gostall;bgostall4k@example.com;Male
166;Nathanael;Ewins;newins4l@list-manage.com;Male
167;Christal;Peracco;cperacco4m@eepurl.com;Female
168;Frederick;Cissell;fcissell4n@berkeley.edu;Male
169;Kendal;Fosdike;kfosdike4o@list-manage.com;Male
170;Jillayne;Galbreth;jgalbreth4p@g.co;Female
171;Wallas;Hawkshaw;whawkshaw4q@etsy.com;Male
172;Royall;Abrahmer;rabrahmer4r@mac.com;Male
173;Gabi;Febry;gfebry4s@shareasale.com;Male
174;Booth;Benns;bbenns4t@pinterest.com;Male
175;Gauthier;Larenson;glarenson4u@acquirethisname.com;Male
176;Eden;Duthy;eduthy4v@geocities.com;Female
177;Karlik;Krugmann;kkrugmann4w@soup.io;Male
178;Chico;St. John;cstjohn4x@unicef.org;Male
179;Fayina;Shaefer;fshaefer4y@blog.com;Female
180;Katrinka;Phippard;kphippard4z@utexas.edu;Female
181;Boris;Balbeck;bbalbeck50@vistaprint.com;Male
182;Bambie;Gebbie;bgebbie51@naver.com;Female
183;Gwenore;Yanov;gyanov52@newsvine.com;Female
184;Inger;Hanrahan;ihanrahan53@simplemachines.org;Male
185;Curry;Danbury;cdanbury54@hud.gov;Male
186;Farris;Goodspeed;fgoodspeed55@shutterfly.com;Male
187;Pearla;Donohoe;pdonohoe56@hatena.ne.jp;Female
188;Carmelle;Mirando;cmirando57@indiatimes.com;Female
189;Mort;Fitzsymons;mfitzsymons58@yellowpages.com;Male
190;Sunny;Bloy;sbloy59@jugem.jp;Female
191;Josefina;McGirr;jmcgirr5a@blogs.com;Female
192;Amy;Anthes;aanthes5b@adobe.com;Female
193;Deeanne;Van Dijk;dvandijk5c@infoseek.co.jp;Female
194;Petra;Seedhouse;pseedhouse5d@t.co;Female
195;Zorina;Sheeres;zsheeres5e@merriam-webster.com;Female
196;Haleigh;Aldwinckle;haldwinckle5f@hibu.com;Female
197;Scarface;Lawlance;slawlance5g@theguardian.com;Male
198;Doralia;Hamber;dhamber5h@unc.edu;Female
199;Claudell;Abbyss;cabbyss5i@fda.gov;Male
200;Thaine;Moyse;tmoyse5j@miibeian.gov.cn;Male
201;Donny;Conville;dconville5k@marketwatch.com;Female
202;Derek;Tomala;dtomala5l@utexas.edu;Male
203;Merilyn;Bardell;mbardell5m@miibeian.gov.cn;Female
204;Duke;Sives;dsives5n@google.com.au;Male
205;Powell;McCathie;pmccathie5o@imageshack.us;Male
206;Dot;Alekhov;dalekhov5p@list-manage.com;Female
207;Bonita;Hassett;bhassett5q@whitehouse.gov;Female
208;Maureen;Roglieri;mroglieri5r@fc2.com;Female
209;Shurwood;Cornewall;scornewall5s@ebay.co.uk;Male
210;Sammy;Lombard;slombard5t@wufoo.com;Female
211;Martguerita;Spreag;mspreag5u@geocities.com;Female
212;Cosimo;Riccardo;criccardo5v@time.com;Male
213;Franny;Perell;fperell5w@guardian.co.uk;Male
214;Adelle;Pierucci;apierucci5x@friendfeed.com;Female
215;Beverley;Elphey;belphey5y@example.com;Female
216;Corbin;Southeran;csoutheran5z@t.co;Male
217;Gregorio;Bartrum;gbartrum60@phoca.cz;Male
218;Ingeborg;Brierley;ibrierley61@yahoo.com;Female
219;Hollis;Gallaher;hgallaher62@businessinsider.com;Male
220;Rab;Parley;rparley63@epa.gov;Male
221;Malcolm;Coultish;mcoultish64@about.com;Male
222;Kermit;Reinger;kreinger65@theglobeandmail.com;Male
223;Lita;Willoughey;lwilloughey66@miitbeian.gov.cn;Female
224;Davide;Lease;dlease67@hhs.gov;Male
225;Theobald;McGivena;tmcgivena68@exblog.jp;Male
226;Ripley;Goublier;rgoublier69@360.cn;Male
227;Dirk;Dominec;ddominec6a@github.com;Male
228;Dimitri;O'Flynn;doflynn6b@elegantthemes.com;Male
229;Olivette;Arangy;oarangy6c@loc.gov;Female
230;Giffy;Cridlan;gcridlan6d@t.co;Male
231;Alexandros;Winsbury;awinsbury6e@trellian.com;Male
232;Worthy;De Avenell;wdeavenell6f@google.fr;Male
233;Rosalinde;Veasey;rveasey6g@drupal.org;Female
234;Annette;Gartenfeld;agartenfeld6h@dion.ne.jp;Female
235;Clarie;Bus;cbus6i@java.com;Female
236;Rossy;Allenson;rallenson6j@bloglines.com;Male
237;Doralin;Humpatch;dhumpatch6k@cisco.com;Female
238;Baryram;Lotte;blotte6l@skyrock.com;Male
239;Chane;Garioch;cgarioch6m@cisco.com;Male
240;Lamond;Featherby;lfeatherby6n@un.org;Male
241;Franny;Monshall;fmonshall6o@army.mil;Female
242;Jorrie;McGookin;jmcgookin6p@fc2.com;Female
243;Kendre;Holdall;kholdall6q@comsenz.com;Female
244;Jenica;Gravener;jgravener6r@yellowpages.com;Female
245;Brandais;Liverseege;bliverseege6s@ustream.tv;Female
246;Tabbitha;Housecroft;thousecroft6t@un.org;Female
247;Marilin;Saggers;msaggers6u@si.edu;Female
248;Chance;Maffi;cmaffi6v@webnode.com;Male
249;Carolin;Yeardsley;cyeardsley6w@cyberchimps.com;Female
250;Haily;Bendon;hbendon6x@tamu.edu;Male
251;Alonso;Rigate;arigate6y@shinystat.com;Male
252;Glory;Nerney;gnerney6z@amazon.co.uk;Female
253;Pietra;ducarme;pducarme70@amazon.com;Female
254;Brinna;Guilaem;bguilaem71@vkontakte.ru;Female
255;Nial;Balharry;nbalharry72@goo.ne.jp;Male
256;Maje;Phayre;mphayre73@aboutads.info;Male
257;Laurence;Hansom;lhansom74@xinhuanet.com;Male
258;Henka;Hutfield;hhutfield75@reverbnation.com;Female
259;Gilli;Barnish;gbarnish76@reverbnation.com;Female
260;Constantino;Rosettini;crosettini77@ftc.gov;Male
261;Jedediah;Leamy;jleamy78@infoseek.co.jp;Male
262;Ellis;Knighton;eknighton79@uiuc.edu;Male
263;Nona;Headan;nheadan7a@1688.com;Female
264;Lennard;Scholl;lscholl7b@soup.io;Male
265;Kattie;Bollis;kbollis7c@mayoclinic.com;Female
266;Margy;Pindar;mpindar7d@ucla.edu;Female
267;Iain;Dimitru;idimitru7e@deviantart.com;Male
268;Maxine;Hoffmann;mhoffmann7f@360.cn;Female
269;Doralin;Mordue;dmordue7g@ning.com;Female
270;Koenraad;Haggarth;khaggarth7h@stanford.edu;Male
271;Gleda;Blampied;gblampied7i@biglobe.ne.jp;Female
272;Antonino;Chiles;achiles7j@ucoz.com;Male
273;Quillan;Loddon;qloddon7k@blinklist.com;Male
274;Carolan;Cheetham;ccheetham7l@1688.com;Female
275;Cort;Gelling;cgelling7m@shareasale.com;Male
276;Vidovic;Derkes;vderkes7n@livejournal.com;Male
277;Neille;Aizikovich;naizikovich7o@tinyurl.com;Female
278;Jaquenette;Blaszkiewicz;jblaszkiewicz7p@ycombinator.com;Female
279;Margeaux;Dunlea;mdunlea7q@ox.ac.uk;Female
280;Eustace;Reinhard;ereinhard7r@cnn.com;Male
281;Ike;Goodliff;igoodliff7s@ft.com;Male
282;Harrietta;Hedditch;hhedditch7t@studiopress.com;Female
283;Karoly;Van der Daal;kvanderdaal7u@gmpg.org;Female
284;Ange;Unwins;aunwins7v@wisc.edu;Male
285;Willi;Thornber;wthornber7w@trellian.com;Female
286;Gale;Huntall;ghuntall7x@boston.com;Male
287;Zara;Fawdery;zfawdery7y@omniture.com;Female
288;Cleve;Benazet;cbenazet7z@bbb.org;Male
289;Loise;Antonutti;lantonutti80@printfriendly.com;Female
290;Garold;Wadeling;gwadeling81@google.com.br;Male
291;Gale;Martinetto;gmartinetto82@wufoo.com;Female
292;Amalia;Berrane;aberrane83@google.nl;Female
293;Bryon;Vercruysse;bvercruysse84@ihg.com;Male
294;Carie;Duckinfield;cduckinfield85@so-net.ne.jp;Female
295;Ailyn;Copelli;acopelli86@istockphoto.com;Female
296;Jedd;Bjorkan;jbjorkan87@gnu.org;Male
297;Hilliary;Devers;hdevers88@admin.ch;Female
298;Vinson;Plaunch;vplaunch89@nymag.com;Male
299;Felice;Scutts;fscutts8a@aboutads.info;Female
300;Madella;Lidster;mlidster8b@amazon.de;Female
301;Sofia;Reuven;sreuven8c@va.gov;Female
302;Skip;Wilford;swilford8d@yellowpages.com;Male
303;Tess;Ganter;tganter8e@clickbank.net;Female
304;Rene;Gleave;rgleave8f@nih.gov;Male
305;Sibeal;Sokale;ssokale8g@sbwire.com;Female
306;Devin;Fetters;dfetters8h@shareasale.com;Male
307;Katrine;Morville;kmorville8i@godaddy.com;Female
308;Durward;Slack;dslack8j@fda.gov;Male
309;Perceval;Ferrand;pferrand8k@typepad.com;Male
310;Garth;Gayter;ggayter8l@cloudflare.com;Male
311;Royce;McSorley;rmcsorley8m@umn.edu;Male
312;Tricia;Ogborn;togborn8n@mlb.com;Female
313;Zorana;Livermore;zlivermore8o@bigcartel.com;Female
314;Fidelity;Yantsev;fyantsev8p@mlb.com;Female
315;Darin;Mosey;dmosey8q@privacy.gov.au;Male
316;Patience;Scarisbrick;pscarisbrick8r@nih.gov;Female
317;Ewen;Tosney;etosney8s@cocolog-nifty.com;Male
318;Kellen;Rysdale;krysdale8t@miibeian.gov.cn;Female
319;Starr;Bakey;sbakey8u@dmoz.org;Female
320;Giuseppe;Cowderoy;gcowderoy8v@storify.com;Male
321;Daisey;Tambling;dtambling8w@com.com;Female
322;Matteo;Jadczak;mjadczak8x@arstechnica.com;Male
323;Nicko;Allcoat;nallcoat8y@squidoo.com;Male
324;Zorah;Anker;zanker8z@kickstarter.com;Female
325;Shepherd;Serman;sserman90@quantcast.com;Male
326;Patty;Pettendrich;ppettendrich91@trellian.com;Female
327;Clayborn;Cowles;ccowles92@narod.ru;Male
328;Katee;Reggler;kreggler93@cnet.com;Female
329;Amy;Eringey;aeringey94@cocolog-nifty.com;Female
330;Demott;McCombe;dmccombe95@economist.com;Male
331;Mohandas;Maxted;mmaxted96@symantec.com;Male
332;Valentino;Wellstead;vwellstead97@fastcompany.com;Male
333;Giusto;Emanuelov;gemanuelov98@behance.net;Male
334;Marrilee;Olivi;molivi99@businesswire.com;Female
335;Ermina;Fevers;efevers9a@mysql.com;Female
336;Danie;Jacketts;djacketts9b@usatoday.com;Male
337;Galvan;Ciabatteri;gciabatteri9c@trellian.com;Male
338;Janelle;Pinnigar;jpinnigar9d@naver.com;Female
339;Yuri;Spurdens;yspurdens9e@sina.com.cn;Male
340;Osbourne;Ewbach;oewbach9f@scribd.com;Male
341;Herrick;Emmet;hemmet9g@goo.ne.jp;Male
342;Melanie;Richardot;mrichardot9h@slashdot.org;Female
343;Drud;Handscomb;dhandscomb9i@hexun.com;Male
344;Esteban;Fountaine;efountaine9j@simplemachines.org;Male
345;Rutter;Laybourn;rlaybourn9k@alexa.com;Male
346;Leodora;Burstowe;lburstowe9l@google.com;Female
347;Lonee;Brisco;lbrisco9m@weather.com;Female
348;Fleming;Pellamonuten;fpellamonuten9n@jiathis.com;Male
349;Harriett;Ricoald;hricoald9o@de.vu;Female
350;Mile;Cawse;mcawse9p@nydailynews.com;Male
351;Leandra;Dzeniskevich;ldzeniskevich9q@github.com;Female
352;Carrie;Sturman;csturman9r@cnbc.com;Female
353;Dorothy;Capstake;dcapstake9s@dagondesign.com;Female
354;Milzie;Brewins;mbrewins9t@skyrock.com;Female
355;Ken;Coffelt;kcoffelt9u@delicious.com;Male
356;Teodoro;Ragbourne;tragbourne9v@techcrunch.com;Male
357;Lu;Hodinton;lhodinton9w@deliciousdays.com;Female
358;Adlai;Pechard;apechard9x@cisco.com;Male
359;Yolanthe;Dearden;ydearden9y@microsoft.com;Female
360;Scotti;Dodsley;sdodsley9z@tinyurl.com;Male
361;Ferdy;Broke;fbrokea0@blinklist.com;Male
362;Filmer;Ownsworth;fownswortha1@businessinsider.com;Male
363;Sonia;Wordley;swordleya2@archive.org;Female
364;Guillaume;Rizzotto;grizzottoa3@vistaprint.com;Male
365;Wolfie;Fratczak;wfratczaka4@cmu.edu;Male
366;Bettine;Balloch;bballocha5@cloudflare.com;Female
367;Stanfield;Readshall;sreadshalla6@indiatimes.com;Male
368;Son;Sickamore;ssickamorea7@shop-pro.jp;Male
369;Charlean;McDill;cmcdilla8@about.com;Female
370;Foss;Le Houx;flehouxa9@blogger.com;Male
371;Rachele;Butten;rbuttenaa@google.com.au;Female
372;Perkin;Lewin;plewinab@hatena.ne.jp;Male
373;Boony;Faber;bfaberac@webs.com;Male
374;Viole;Lenox;vlenoxad@usnews.com;Female
375;Hyacintha;Duffield;hduffieldae@umich.edu;Female
376;Gerrard;Pepperrall;gpepperrallaf@disqus.com;Male
377;Marten;Wedlock;mwedlockag@homestead.com;Male
378;Timmie;Lenormand;tlenormandah@who.int;Female
379;Amabelle;Swindell;aswindellai@sphinn.com;Female
380;Welbie;Stenson;wstensonaj@addthis.com;Male
381;Rosetta;Lembrick;rlembrickak@house.gov;Female
382;Stanleigh;Bloschke;sbloschkeal@myspace.com;Male
383;Freda;Perillo;fperilloam@vkontakte.ru;Female
384;Cathy;Van Dale;cvandalean@parallels.com;Female
385;Barty;Gwinnel;bgwinnelao@ezinearticles.com;Male
386;Packston;Rickman;prickmanap@microsoft.com;Male
387;Velvet;Sansum;vsansumaq@bravesites.com;Female
388;Guglielma;Whistlecraft;gwhistlecraftar@goo.ne.jp;Female
389;Francene;Molineux;fmolineuxas@google.fr;Female
390;Bartholomeo;Shrigley;bshrigleyat@photobucket.com;Male
391;Clementius;Henriquet;chenriquetau@sourceforge.net;Male
392;Selina;Drysdall;sdrysdallav@samsung.com;Female
393;Lucille;Loram;lloramaw@samsung.com;Female
394;Woodman;Sleath;wsleathax@sitemeter.com;Male
395;Lark;Farbrother;lfarbrotheray@nsw.gov.au;Female
396;Doralin;Sweeny;dsweenyaz@patch.com;Female
397;Jerald;Inkpen;jinkpenb0@smugmug.com;Male
398;Brana;Borthwick;bborthwickb1@google.cn;Female
399;Zeke;Leffek;zleffekb2@1688.com;Male
400;Alanson;Jecock;ajecockb3@google.com.au;Male
401;Berkley;Capsey;bcapseyb4@sbwire.com;Male
402;Falkner;Kirkebye;fkirkebyeb5@diigo.com;Male
403;Caressa;Tregona;ctregonab6@npr.org;Female
404;Babs;Abate;babateb7@parallels.com;Female
405;Donalt;Bhatia;dbhatiab8@oaic.gov.au;Male
406;Norean;Stanfield;nstanfieldb9@msn.com;Female
407;Blanca;Jotham;bjothamba@twitter.com;Female
408;Anabelle;Cohn;acohnbb@home.pl;Female
409;Sarene;Lohering;sloheringbc@squidoo.com;Female
410;Michaelina;Shackell;mshackellbd@elpais.com;Female
411;Roxana;Idale;ridalebe@nih.gov;Female
412;Patsy;Pigden;ppigdenbf@list-manage.com;Male
413;Archer;Pedycan;apedycanbg@php.net;Male
414;Rubina;Ubank;rubankbh@cbslocal.com;Female
415;Torey;Laying;tlayingbi@mayoclinic.com;Female
416;Thomasina;Stellino;tstellinobj@wunderground.com;Female
417;Nanon;Klement;nklementbk@omniture.com;Female
418;Ashely;Pedel;apedelbl@jigsy.com;Female
419;Myrna;McCome;mmccomebm@bloomberg.com;Female
420;Bruce;Maggiore;bmaggiorebn@huffingtonpost.com;Male
421;Lora;Spaule;lspaulebo@twitter.com;Female
422;Emalee;Heddan;eheddanbp@weather.com;Female
423;Korie;Taylerson;ktaylersonbq@last.fm;Female
424;Grete;Piele;gpielebr@imdb.com;Female
425;Hashim;Raithbie;hraithbiebs@mediafire.com;Male
426;Gilburt;Kamall;gkamallbt@printfriendly.com;Male
427;Dalston;Merner;dmernerbu@cornell.edu;Male
428;Hazel;Warkup;hwarkupbv@deviantart.com;Male
429;Buddie;Phippard;bphippardbw@utexas.edu;Male
430;Valentin;Ledgard;vledgardbx@tripadvisor.com;Male
431;Callida;Ferrari;cferrariby@deviantart.com;Female
432;Orson;Orwell;oorwellbz@mashable.com;Male
433;Kaylee;Jime;kjimec0@ft.com;Female
434;Thane;Beltzner;tbeltznerc1@goodreads.com;Male
435;Maxim;Creigan;mcreiganc2@nydailynews.com;Male
436;Thomasin;Blincow;tblincowc3@freewebs.com;Female
437;Keven;Kaiser;kkaiserc4@seesaa.net;Male
438;Gilligan;Felton;gfeltonc5@jiathis.com;Female
439;Tobi;Leband;tlebandc6@state.gov;Female
440;Elden;Gabriel;egabrielc7@fda.gov;Male
441;Shurlocke;Percival;spercivalc8@plala.or.jp;Male
442;Noell;Caton;ncatonc9@amazon.de;Female
443;Joanie;McKibbin;jmckibbinca@photobucket.com;Female
444;Lanae;Algore;lalgorecb@rambler.ru;Female
445;Ronalda;Tynewell;rtynewellcc@free.fr;Female
446;Domeniga;Cristofanini;dcristofaninicd@meetup.com;Female
447;Marnie;Marmion;mmarmionce@msu.edu;Female
448;Aliza;Tomblin;atomblincf@bizjournals.com;Female
449;Lucille;Maylott;lmaylottcg@boston.com;Female
450;Les;Ponsford;lponsfordch@cbslocal.com;Male
451;Kass;MacVicar;kmacvicarci@telegraph.co.uk;Female
452;Tammie;Izakov;tizakovcj@msu.edu;Female
453;Ryley;Sherratt;rsherrattck@hibu.com;Male
454;Bartolemo;Scholcroft;bscholcroftcl@phoca.cz;Male
455;Chancey;Kelinge;ckelingecm@phoca.cz;Male
456;Randall;Diver;rdivercn@macromedia.com;Male
457;Britney;Rumney;brumneyco@vinaora.com;Female
458;Ganny;Metheringham;gmetheringhamcp@nyu.edu;Male
459;Rikki;Audley;raudleycq@bloglovin.com;Female
460;Kamilah;Archibold;karchiboldcr@mysql.com;Female
461;Kincaid;Clerk;kclerkcs@noaa.gov;Male
462;Ashil;Strugnell;astrugnellct@princeton.edu;Female
463;Rhodie;Midden;rmiddencu@mayoclinic.com;Female
464;Trip;Perry;tperrycv@who.int;Male
465;Margi;Ebbens;mebbenscw@ehow.com;Female
466;Tilly;Abel;tabelcx@angelfire.com;Female
467;Kit;Petticrow;kpetticrowcy@google.de;Male
468;Dewain;Beviss;dbevisscz@merriam-webster.com;Male
469;Marysa;Dollard;mdollardd0@oakley.com;Female
470;Sigmund;Kirkpatrick;skirkpatrickd1@discuz.net;Male
471;Noella;Leverage;nleveraged2@ovh.net;Female
472;Aubree;Sudron;asudrond3@sun.com;Female
473;Tomkin;Cogle;tcogled4@adobe.com;Male
474;Lancelot;Spry;lspryd5@toplist.cz;Male
475;Rosabella;Lindores;rlindoresd6@wikimedia.org;Female
476;Beverley;Heddon;bheddond7@tiny.cc;Female
477;Jeff;Urey;jureyd8@ed.gov;Male
478;Quintin;Tillett;qtillettd9@google.ru;Male
479;Daisy;Sagg;dsaggda@chron.com;Female
480;Jarrett;Ackerman;jackermandb@sfgate.com;Male
481;Claretta;Wakefield;cwakefielddc@state.gov;Female
482;Ignazio;Whifen;iwhifendd@google.co.jp;Male
483;Sophronia;Norsister;snorsisterde@disqus.com;Female
484;Hubert;Rathbourne;hrathbournedf@ow.ly;Male
485;Gaylor;Walcar;gwalcardg@surveymonkey.com;Male
486;Gillie;Meconi;gmeconidh@wikia.com;Female
487;Krista;Dunstan;kdunstandi@ted.com;Female
488;Ammamaria;Boxhill;aboxhilldj@go.com;Female
489;Raynor;Boatwright;rboatwrightdk@yolasite.com;Male
490;Lamond;Sambath;lsambathdl@google.ru;Male
491;Duffy;Malan;dmalandm@go.com;Male
492;Hattie;Listone;hlistonedn@gov.uk;Female
493;Amy;Curcher;acurcherdo@comcast.net;Female
494;Audrey;Wiggall;awiggalldp@redcross.org;Female
495;Leonora;Pashbee;lpashbeedq@sohu.com;Female
496;Nico;Jurick;njurickdr@admin.ch;Male
497;Micheal;Skeech;mskeechds@usa.gov;Male
498;Koo;Goroni;kgoronidt@wp.com;Female
499;Vicky;Bravery;vbraverydu@reddit.com;Female
500;Kathy;Febvre;kfebvredv@linkedin.com;Female
501;Blisse;Khomich;bkhomichdw@eventbrite.com;Female
502;Carlee;Abdon;cabdondx@hhs.gov;Female
503;Alain;Pickaver;apickaverdy@buzzfeed.com;Male
504;Donal;Puddan;dpuddandz@shutterfly.com;Male
505;Sebastian;Camilio;scamilioe0@woothemes.com;Male
506;Pippy;Laffling;plafflinge1@rambler.ru;Female
507;Zelma;Mateus;zmateuse2@fda.gov;Female
508;Stormie;Ledram;sledrame3@nih.gov;Female
509;Olva;Buick;obuicke4@gravatar.com;Female
510;Gonzales;Varran;gvarrane5@usa.gov;Male
511;Starlin;Dearth;sdearthe6@timesonline.co.uk;Female
512;Kahaleel;Hundy;khundye7@themeforest.net;Male
513;Nonnah;Southard;nsoutharde8@yolasite.com;Female
514;Eddy;D'eath;edeathe9@huffingtonpost.com;Male
515;Cord;Heake;cheakeea@chron.com;Male
516;Othilia;Icom;oicomeb@t-online.de;Female
517;Dunc;Devany;ddevanyec@oracle.com;Male
518;Leisha;Sink;lsinked@google.fr;Female
519;Ripley;Lune;rluneee@goodreads.com;Male
520;Angus;Kenderdine;akenderdineef@mapy.cz;Male
521;Aurilia;Riepl;ariepleg@lycos.com;Female
522;Corrianne;Matveichev;cmatveicheveh@dailymail.co.uk;Female
523;Coral;Kerr;ckerrei@springer.com;Female
524;Rudy;Crossingham;rcrossinghamej@diigo.com;Male
525;Ray;Hastelow;rhastelowek@51.la;Male
526;Tabitha;Werrit;twerritel@harvard.edu;Female
527;Trixi;Littler;tlittlerem@ifeng.com;Female
528;Sofie;Doerren;sdoerrenen@rambler.ru;Female
529;Crichton;Ziemsen;cziemseneo@ucla.edu;Male
530;Klaus;Boissieux;kboissieuxep@pbs.org;Male
531;Bernadette;Peppard;bpeppardeq@technorati.com;Female
532;Andris;Tugman;atugmaner@purevolume.com;Male
533;Freedman;Browning;fbrowninges@unblog.fr;Male
534;Lind;McGreal;lmcgrealet@webnode.com;Female
535;Gabriele;Alker;galkereu@sciencedirect.com;Male
536;Sybila;Sybbe;ssybbeev@state.tx.us;Female
537;Leia;Sunnucks;lsunnucksew@home.pl;Female
538;Dugald;Casacchia;dcasacchiaex@eventbrite.com;Male
539;Tabby;Moore;tmooreey@dot.gov;Male
540;Myra;Week;mweekez@purevolume.com;Female
541;Ichabod;Sturton;isturtonf0@sogou.com;Male
542;Mei;Nealey;mnealeyf1@vkontakte.ru;Female
543;Randie;Moretto;rmorettof2@irs.gov;Female
544;Merlina;Spores;msporesf3@adobe.com;Female
545;Naoma;Di Biaggi;ndibiaggif4@wordpress.com;Female
546;Haily;Armatidge;harmatidgef5@baidu.com;Female
547;Neilla;Biasetti;nbiasettif6@wp.com;Female
548;Emelina;Boddis;eboddisf7@mapy.cz;Female
549;Christian;Hiscocks;chiscocksf8@imgur.com;Male
550;Vasilis;Moberley;vmoberleyf9@google.pl;Male
551;Star;Craigmile;scraigmilefa@phoca.cz;Female
552;Katey;Daenen;kdaenenfb@eventbrite.com;Female
553;Winston;Wardrope;wwardropefc@geocities.jp;Male
554;Michel;Diano;mdianofd@taobao.com;Male
555;Leroi;Osgood;losgoodfe@xrea.com;Male
556;Maryanna;Whittlesea;mwhittleseaff@netvibes.com;Female
557;Diego;Pavier;dpavierfg@unesco.org;Male
558;Darb;Lysons;dlysonsfh@ucsd.edu;Female
559;Stanford;Ritter;sritterfi@arstechnica.com;Male
560;Thorndike;Manchester;tmanchesterfj@list-manage.com;Male
561;Georgetta;Warhurst;gwarhurstfk@freewebs.com;Female
562;Archy;Askew;aaskewfl@live.com;Male
563;Filip;Elwyn;felwynfm@cafepress.com;Male
564;Lindy;Trouel;ltrouelfn@tinyurl.com;Male
565;Eli;Peplow;epeplowfo@intel.com;Male
566;Bevan;Hamstead;bhamsteadfp@seattletimes.com;Male
567;Charissa;Davidson;cdavidsonfq@nifty.com;Female
568;Kristopher;Philippault;kphilippaultfr@sciencedaily.com;Male
569;Kelley;Regi;kregifs@nba.com;Male
570;Raimund;Carlisle;rcarlisleft@auda.org.au;Male
571;Julissa;Meus;jmeusfu@umich.edu;Female
572;Ester;Hooks;ehooksfv@wordpress.com;Female
573;Michele;Swalough;mswaloughfw@istockphoto.com;Female
574;Arnoldo;Cristofari;acristofarifx@timesonline.co.uk;Male
575;Emelda;McDonogh;emcdonoghfy@usatoday.com;Female
576;Fowler;Monument;fmonumentfz@indiatimes.com;Male
577;Jayme;Aseef;jaseefg0@topsy.com;Male
578;Heall;Walley;hwalleyg1@cmu.edu;Male
579;Kit;Barkhouse;kbarkhouseg2@ameblo.jp;Male
580;Dimitry;Carmo;dcarmog3@diigo.com;Male
581;Hillery;Indge;hindgeg4@whitehouse.gov;Male
582;Roarke;Clayborn;rclayborng5@51.la;Male
583;Sampson;Cuniffe;scuniffeg6@nih.gov;Male
584;Mickey;Hulson;mhulsong7@ezinearticles.com;Male
585;Stevana;Eytel;seytelg8@abc.net.au;Female
586;Hestia;Aimable;haimableg9@house.gov;Female
587;Maryanne;Mather;mmatherga@sciencedaily.com;Female
588;Genna;Lorryman;glorrymangb@washington.edu;Female
589;Nadiya;Yves;nyvesgc@netscape.com;Female
590;Susi;Mapam;smapamgd@example.com;Female
591;Herman;Minghella;hminghellage@feedburner.com;Male
592;Katuscha;Rubel;krubelgf@census.gov;Female
593;Joelie;Goodsal;jgoodsalgg@friendfeed.com;Female
594;Kirsteni;Nourse;knoursegh@delicious.com;Female
595;Verla;Stobbie;vstobbiegi@plala.or.jp;Female
596;Emilie;Clewes;eclewesgj@bbb.org;Female
597;Jeniffer;Lawlee;jlawleegk@cam.ac.uk;Female
598;Garrett;Sterling;gsterlinggl@istockphoto.com;Male
599;Karlene;Tregale;ktregalegm@imageshack.us;Female
600;Kippie;Le Barr;klebarrgn@un.org;Female
601;Xylina;Scandrick;xscandrickgo@nsw.gov.au;Female
602;Cassondra;Kagan;ckagangp@t.co;Female
603;Elia;Libby;elibbygq@domainmarket.com;Male
604;Griff;Jacobsohn;gjacobsohngr@ibm.com;Male
605;Gerardo;Iston;gistongs@deviantart.com;Male
606;Kasey;Ead;keadgt@cnbc.com;Female
607;Riccardo;Sidaway;rsidawaygu@salon.com;Male
608;Sibella;Americi;samericigv@wiley.com;Female
609;Jan;Carnock;jcarnockgw@msu.edu;Female
610;Helyn;Scatchard;hscatchardgx@arizona.edu;Female
611;Kaile;Orans;koransgy@uiuc.edu;Female
612;Irv;Dolle;idollegz@abc.net.au;Male
613;Lydon;Tithecott;ltithecotth0@bizjournals.com;Male
614;Mady;Blodgett;mblodgetth1@meetup.com;Female
615;Anissa;Fritzer;afritzerh2@example.com;Female
616;Delores;Blundin;dblundinh3@pen.io;Female
617;Maureen;Erett;meretth4@narod.ru;Female
618;Del;Guppy;dguppyh5@independent.co.uk;Female
619;Catriona;Nazair;cnazairh6@apache.org;Female
620;Humbert;Krzysztofiak;hkrzysztofiakh7@histats.com;Male
621;Craggie;Zettler;czettlerh8@berkeley.edu;Male
622;Borden;Panas;bpanash9@nbcnews.com;Male
623;Micky;Deakins;mdeakinsha@mit.edu;Female
624;Finlay;Burlay;fburlayhb@spiegel.de;Male
625;Gerti;Bodleigh;gbodleighhc@theatlantic.com;Female
626;Pieter;McRoberts;pmcrobertshd@cnet.com;Male
627;Eleonore;Delion;edelionhe@printfriendly.com;Female
628;Sherri;Burchett;sburchetthf@cyberchimps.com;Female
629;Fae;Vida;fvidahg@google.com.hk;Female
630;Shaw;Stilgoe;sstilgoehh@liveinternet.ru;Male
631;Kesley;Discombe;kdiscombehi@studiopress.com;Female
632;Belia;Enrietto;benriettohj@bravesites.com;Female
633;Barbara;Falkner;bfalknerhk@gmpg.org;Female
634;Shirley;Prator;spratorhl@usatoday.com;Female
635;Dee dee;Damrel;ddamrelhm@jalbum.net;Female
636;Boigie;Birkby;bbirkbyhn@constantcontact.com;Male
637;Crawford;McCrisken;cmccriskenho@columbia.edu;Male
638;Wilden;Pontin;wpontinhp@google.com.hk;Male
639;Camille;Moulton;cmoultonhq@fastcompany.com;Female
640;Josefina;Fidock;jfidockhr@eventbrite.com;Female
641;Lorettalorna;Maes;lmaeshs@who.int;Female
642;Jerrylee;Whyborn;jwhybornht@disqus.com;Female
643;Edgard;Sooper;esooperhu@google.ca;Male
644;Griffin;Lymbourne;glymbournehv@e-recht24.de;Male
645;Portia;Yaxley;pyaxleyhw@samsung.com;Female
646;Jaimie;Kluger;jklugerhx@sciencedirect.com;Male
647;Consuelo;Farans;cfaranshy@webnode.com;Female
648;Noby;Thew;nthewhz@paypal.com;Male
649;Julie;Clohissy;jclohissyi0@harvard.edu;Male
650;Ada;April;aaprili1@theglobeandmail.com;Female
651;Alden;Milberry;amilberryi2@studiopress.com;Male
652;Vick;Skeates;vskeatesi3@toplist.cz;Male
653;Kimball;Vickerman;kvickermani4@china.com.cn;Male
654;Welsh;Middlemist;wmiddlemisti5@nps.gov;Male
655;Nathaniel;Barenskie;nbarenskiei6@shutterfly.com;Male
656;Lil;Hansill;lhansilli7@huffingtonpost.com;Female
657;Winnie;Padefield;wpadefieldi8@stumbleupon.com;Male
658;Andriette;Dossettor;adossettori9@wufoo.com;Female
659;Giavani;Nisen;gnisenia@usnews.com;Male
660;Kyla;Trayes;ktrayesib@smh.com.au;Female
661;Wyatan;Grebner;wgrebneric@seattletimes.com;Male
662;Collie;Jasiak;cjasiakid@stanford.edu;Female
663;Brooks;Duff;bduffie@bandcamp.com;Female
664;Delly;Beswick;dbeswickif@gnu.org;Female
665;Raynard;Andell;randellig@zimbio.com;Male
666;Ingrim;Cullrford;icullrfordih@ocn.ne.jp;Male
667;Venita;Chadburn;vchadburnii@seattletimes.com;Female
668;Julee;Massard;jmassardij@surveymonkey.com;Female
669;Aime;Cassidy;acassidyik@fda.gov;Female
670;Judye;Lovatt;jlovattil@theglobeandmail.com;Female
671;Renaud;Archell;rarchellim@tuttocitta.it;Male
672;Bethena;Glandfield;bglandfieldin@gizmodo.com;Female
673;Becka;Kendred;bkendredio@booking.com;Female
674;Titus;McCurlye;tmccurlyeip@gnu.org;Male
675;Lori;Perchard;lperchardiq@diigo.com;Female
676;Wallis;Vittle;wvittleir@time.com;Female
677;Rockey;Gornar;rgornaris@usnews.com;Male
678;Zahara;Livick;zlivickit@oracle.com;Female
679;Leodora;Imason;limasoniu@odnoklassniki.ru;Female
680;Caldwell;Tabary;ctabaryiv@pen.io;Male
681;Tania;Simnett;tsimnettiw@edublogs.org;Female
682;Berti;Topper;btopperix@fotki.com;Female
683;Berkie;Verni;bverniiy@mapquest.com;Male
684;Kaye;Breinl;kbreinliz@moonfruit.com;Female
685;Florenza;Garlic;fgarlicj0@unicef.org;Female
686;Nikolia;Cottisford;ncottisfordj1@creativecommons.org;Female
687;Gradey;Maven;gmavenj2@deliciousdays.com;Male
688;Misti;Lennie;mlenniej3@sciencedaily.com;Female
689;Sharona;Cawdron;scawdronj4@ocn.ne.jp;Female
690;Belinda;Alwood;balwoodj5@ovh.net;Female
691;Torey;Ellam;tellamj6@blogs.com;Male
692;Papageno;Daingerfield;pdaingerfieldj7@ihg.com;Male
693;Demetrius;Hindhaugh;dhindhaughj8@hexun.com;Male
694;Juliann;Cardenas;jcardenasj9@ucoz.ru;Female
695;Christoper;Macilhench;cmacilhenchja@meetup.com;Male
696;Ruperta;Corbett;rcorbettjb@trellian.com;Female
697;Tierney;Waszczykowski;twaszczykowskijc@narod.ru;Female
698;Erina;Isenor;eisenorjd@hhs.gov;Female
699;Anatol;Westmacott;awestmacottje@discovery.com;Male
700;Falkner;Romayne;fromaynejf@w3.org;Male
701;Courtnay;McTrustram;cmctrustramjg@zdnet.com;Male
702;Angelia;Kermitt;akermittjh@guardian.co.uk;Female
703;Carmelle;Boyen;cboyenji@i2i.jp;Female
704;Celie;Overill;coverilljj@nba.com;Female
705;Raina;Sentance;rsentancejk@census.gov;Female
706;Lila;Burt;lburtjl@apple.com;Female
707;Paule;Stepto;psteptojm@ca.gov;Female
708;Ariana;Upjohn;aupjohnjn@example.com;Female
709;Lion;Craise;lcraisejo@printfriendly.com;Male
710;Haley;Foukx;hfoukxjp@sina.com.cn;Female
711;Alicia;Doubleday;adoubledayjq@technorati.com;Female
712;Edith;Clurow;eclurowjr@accuweather.com;Female
713;Dewey;Ajam;dajamjs@theglobeandmail.com;Male
714;Haily;Olcot;holcotjt@privacy.gov.au;Male
715;Nettie;Laidlaw;nlaidlawju@ehow.com;Female
716;Dionne;Mosley;dmosleyjv@discovery.com;Female
717;Jacinta;Mewe;jmewejw@infoseek.co.jp;Female
718;Aluino;Dell;adelljx@adobe.com;Male
719;Ingrid;Beddow;ibeddowjy@elpais.com;Female
720;Kira;Domonkos;kdomonkosjz@blinklist.com;Female
721;Adel;Speedin;aspeedink0@woothemes.com;Female
722;Armand;O' Mara;aomarak1@jugem.jp;Male
723;Julius;Janicki;jjanickik2@friendfeed.com;Male
724;Maurits;Brelsford;mbrelsfordk3@theatlantic.com;Male
725;Stacie;Simms;ssimmsk4@oracle.com;Female
726;North;Clericoates;nclericoatesk5@google.co.jp;Male
727;Kimberli;Paley;kpaleyk6@1688.com;Female
728;Luigi;Paolicchi;lpaolicchik7@wufoo.com;Male
729;Flor;Dawdary;fdawdaryk8@dedecms.com;Female
730;Aaron;Tessyman;atessymank9@cpanel.net;Male
731;Row;Tong;rtongka@latimes.com;Female
732;Pamelina;McCambrois;pmccambroiskb@printfriendly.com;Female
733;Joelynn;Fahy;jfahykc@prlog.org;Female
734;Stafani;Turbefield;sturbefieldkd@webeden.co.uk;Female
735;Ambrosio;Van;avanke@cocolog-nifty.com;Male
736;Al;Hindes;ahindeskf@about.com;Male
737;Barnabe;Finby;bfinbykg@statcounter.com;Male
738;Bernie;Rougier;brougierkh@a8.net;Male
739;Pen;Allchorne;pallchorneki@netvibes.com;Female
740;Shaughn;Grise;sgrisekj@github.io;Male
741;Nevile;Bianco;nbiancokk@instagram.com;Male
742;Sutherland;Charlo;scharlokl@fotki.com;Male
743;Tobin;Cruttenden;tcruttendenkm@cbc.ca;Male
744;Theresa;Palmer;tpalmerkn@hhs.gov;Female
745;Drud;Lamcken;dlamckenko@hao123.com;Male
746;Brook;Mainson;bmainsonkp@prnewswire.com;Male
747;Carey;Collabine;ccollabinekq@jugem.jp;Female
748;Carver;Fruish;cfruishkr@tinypic.com;Male
749;Gerta;Fairlam;gfairlamks@apache.org;Female
750;Eberhard;Geratt;egerattkt@abc.net.au;Male
751;Cherri;Pelerin;cpelerinku@moonfruit.com;Female
752;Anita;Curror;acurrorkv@archive.org;Female
753;Meghan;Pomfrett;mpomfrettkw@reverbnation.com;Female
754;Ramon;Abrashkin;rabrashkinkx@digg.com;Male
755;Dulce;Aldwich;daldwichky@ebay.com;Female
756;Dulcinea;Sconce;dsconcekz@wikispaces.com;Female
757;Alexander;Kingston;akingstonl0@icq.com;Male
758;Baxie;Frascone;bfrasconel1@accuweather.com;Male
759;Tallou;Slocum;tslocuml2@imgur.com;Female
760;Gennie;Silverlock;gsilverlockl3@barnesandnoble.com;Female
761;Tiffany;Disbury;tdisburyl4@jigsy.com;Female
762;Artie;Conley;aconleyl5@discovery.com;Male
763;Paolo;Waszkiewicz;pwaszkiewiczl6@vistaprint.com;Male
764;Adeline;Dyson;adysonl7@wikimedia.org;Female
765;Sherye;Slite;sslitel8@wisc.edu;Female
766;Darill;Duquesnay;dduquesnayl9@etsy.com;Male
767;Minda;Ings;mingsla@msu.edu;Female
768;Lynnea;Huntly;lhuntlylb@un.org;Female
769;Joanie;O'Hare;joharelc@de.vu;Female
770;Shelby;Liles;slilesld@mac.com;Female
771;Tomasine;Buckler;tbucklerle@linkedin.com;Female
772;Scotty;Snyder;ssnyderlf@cbslocal.com;Male
773;Eldridge;Mouncey;emounceylg@amazon.co.uk;Male
774;Averil;Buzin;abuzinlh@sogou.com;Male
775;Blinny;Brachell;bbrachellli@over-blog.com;Female
776;Nari;Cross;ncrosslj@friendfeed.com;Female
777;Elnar;Mathivet;emathivetlk@blogspot.com;Male
778;Olivier;Trowel;otrowelll@cisco.com;Male
779;Jose;Kinlock;jkinlocklm@miitbeian.gov.cn;Male
780;Marcile;Hulland;mhullandln@godaddy.com;Female
781;Colas;Sahnow;csahnowlo@newsvine.com;Male
782;Rodger;Delepine;rdelepinelp@cafepress.com;Male
783;Sunny;Whitelaw;swhitelawlq@sun.com;Male
784;Ricoriki;Ells;rellslr@phpbb.com;Male
785;Fonz;Wince;fwincels@ft.com;Male
786;Cherish;Brooke;cbrookelt@uiuc.edu;Female
787;Quintina;Jaher;qjaherlu@diigo.com;Female
788;Daisey;Piddlesden;dpiddlesdenlv@jiathis.com;Female
789;Monro;Phillput;mphillputlw@list-manage.com;Male
790;Davin;Dormon;ddormonlx@plala.or.jp;Male
791;Araldo;MacKeeg;amackeegly@quantcast.com;Male
792;Alair;Abels;aabelslz@virginia.edu;Male
793;Edd;Walkington;ewalkingtonm0@chronoengine.com;Male
794;Dyanna;Hessing;dhessingm1@wikimedia.org;Female
795;Templeton;Harniman;tharnimanm2@ycombinator.com;Male
796;Kizzee;Longthorne;klongthornem3@mysql.com;Female
797;Dom;Benedyktowicz;dbenedyktowiczm4@salon.com;Male
798;Van;Killock;vkillockm5@virginia.edu;Male
799;Kendal;Cavie;kcaviem6@cmu.edu;Male
800;Gearalt;Vossgen;gvossgenm7@tumblr.com;Male
801;Moses;Parrott;mparrottm8@nytimes.com;Male
802;Patin;Neilus;pneilusm9@google.fr;Male
803;Morty;Claughton;mclaughtonma@ox.ac.uk;Male
804;Arther;Kesper;akespermb@jalbum.net;Male
805;Wynnie;Meale;wmealemc@imgur.com;Female
806;Carmina;Doe;cdoemd@csmonitor.com;Female
807;Jozef;Sidebottom;jsidebottomme@e-recht24.de;Male
808;Rhianon;Brosini;rbrosinimf@unblog.fr;Female
809;Arri;Bickerton;abickertonmg@tuttocitta.it;Male
810;Atalanta;Muir;amuirmh@nhs.uk;Female
811;Gianina;De Bischof;gdebischofmi@dot.gov;Female
812;Chev;Waleran;cwaleranmj@linkedin.com;Male
813;Nicol;Moseby;nmosebymk@vimeo.com;Male
814;Mersey;Nortcliffe;mnortcliffeml@jimdo.com;Female
815;Micaela;Cakebread;mcakebreadmm@acquirethisname.com;Female
816;Colette;Bossons;cbossonsmn@lulu.com;Female
817;Iosep;Muir;imuirmo@youtu.be;Male
818;Muffin;Woolf;mwoolfmp@reference.com;Female
819;Johna;Dunkerly;jdunkerlymq@cdc.gov;Female
820;Dylan;Mancer;dmancermr@slideshare.net;Male
821;Noelyn;Matysik;nmatysikms@theglobeandmail.com;Female
822;Victoir;Bullerwell;vbullerwellmt@blogspot.com;Male
823;Althea;Oxford;aoxfordmu@unesco.org;Female
824;Keelby;Hrinishin;khrinishinmv@webeden.co.uk;Male
825;Lynnett;Furze;lfurzemw@princeton.edu;Female
826;Rawley;Deary;rdearymx@istockphoto.com;Male
827;Barton;Dufore;bduforemy@reddit.com;Male
828;Hodge;Stodd;hstoddmz@spiegel.de;Male
829;Urbano;Paulton;upaultonn0@dmoz.org;Male
830;Helen;Bain;hbainn1@slashdot.org;Female
831;Ulberto;Lycett;ulycettn2@aboutads.info;Male
832;Marie-jeanne;Hallaways;mhallawaysn3@quantcast.com;Female
833;Goddart;Kenway;gkenwayn4@drupal.org;Male
834;Conney;Thow;cthown5@irs.gov;Male
835;Philomena;Arno;parnon6@theglobeandmail.com;Female
836;Marie-jeanne;Dewdney;mdewdneyn7@google.ru;Female
837;Jacquelynn;Poschel;jposcheln8@businessweek.com;Female
838;Corrinne;Alam;calamn9@shop-pro.jp;Female
839;Asher;Kellitt;akellittna@omniture.com;Male
840;Bev;Elleyne;belleynenb@patch.com;Female
841;Jolee;Rosiello;jrosiellonc@hud.gov;Female
842;Constantin;Barrand;cbarrandnd@biglobe.ne.jp;Male
843;Shamus;Urling;surlingne@phpbb.com;Male
844;Mikel;Garrigan;mgarrigannf@bizjournals.com;Male
845;Sutherland;Hellens;shellensng@hostgator.com;Male
846;Ludwig;Stallibrass;lstallibrassnh@gizmodo.com;Male
847;Myron;McCurt;mmccurtni@printfriendly.com;Male
848;Rasla;MacMeeking;rmacmeekingnj@wisc.edu;Female
849;Willy;Rickcord;wrickcordnk@biglobe.ne.jp;Female
850;Adelaida;Brierly;abrierlynl@techcrunch.com;Female
851;Noam;Rubbert;nrubbertnm@netvibes.com;Male
852;Letty;Quidenham;lquidenhamnn@google.com.hk;Female
853;Stacee;Unstead;sunsteadno@ox.ac.uk;Male
854;Colan;Krause;ckrausenp@wunderground.com;Male
855;Roderick;Wherrett;rwherrettnq@bing.com;Male
856;Sybille;Bradford;sbradfordnr@goodreads.com;Female
857;Alfie;Troke;atrokens@google.cn;Male
858;Dulciana;Rowcastle;drowcastlent@homestead.com;Female
859;Wat;Dulen;wdulennu@tuttocitta.it;Male
860;Nickolai;Grenshiels;ngrenshielsnv@taobao.com;Male
861;Tedda;Melledy;tmelledynw@domainmarket.com;Female
862;Nonah;Lefridge;nlefridgenx@mail.ru;Female
863;Temple;Maslen;tmaslenny@live.com;Male
864;Anette;Campe;acampenz@yolasite.com;Female
865;Ulick;Weal;uwealo0@etsy.com;Male
866;Kat;Leathley;kleathleyo1@xing.com;Female
867;Derwin;Laffranconi;dlaffranconio2@uol.com.br;Male
868;Rosaleen;Henriquet;rhenriqueto3@t.co;Female
869;Caron;Brindle;cbrindleo4@shutterfly.com;Female
870;Emera;Hackey;ehackeyo5@4shared.com;Female
871;Gerald;Margram;gmargramo6@mail.ru;Male
872;Inna;Ethelstone;iethelstoneo7@upenn.edu;Female
873;Julianne;Jull;jjullo8@bravesites.com;Female
874;Johann;Bew;jbewo9@statcounter.com;Male
875;Cathrin;Sebley;csebleyoa@berkeley.edu;Female
876;Donia;Govier;dgovierob@theguardian.com;Female
877;Chris;Fleming;cflemingoc@altervista.org;Female
878;Forrester;Jordison;fjordisonod@weebly.com;Male
879;Katharina;Mawby;kmawbyoe@go.com;Female
880;Fred;Beales;fbealesof@hud.gov;Male
881;Raeann;Parfitt;rparfittog@artisteer.com;Female
882;Costanza;Aslin;caslinoh@ezinearticles.com;Female
883;Georgy;Webland;gweblandoi@1und1.de;Male
884;Luther;Soan;lsoanoj@behance.net;Male
885;Reuven;Crittal;rcrittalok@princeton.edu;Male
886;Kelvin;Gregorace;kgregoraceol@weibo.com;Male
887;Stephen;Ainscough;sainscoughom@buzzfeed.com;Male
888;Rozalin;Eglise;regliseon@cdbaby.com;Female
889;Mack;Dodsley;mdodsleyoo@google.com;Male
890;Michal;Chastang;mchastangop@icio.us;Female
891;Elsinore;Bresson;ebressonoq@istockphoto.com;Female
892;Leonidas;Tille;ltilleor@merriam-webster.com;Male
893;Angil;Rene;areneos@slate.com;Female
894;Agustin;Lumox;alumoxot@trellian.com;Male
895;Olivie;Pocklington;opocklingtonou@jimdo.com;Female
896;Allyson;Cobb;acobbov@phoca.cz;Female
897;Vanni;Stodart;vstodartow@multiply.com;Female
898;Jennica;Crookall;jcrookallox@tripadvisor.com;Female
899;Kyle;Munns;kmunnsoy@reddit.com;Male
900;Jeanelle;Wilkie;jwilkieoz@moonfruit.com;Female
901;Torre;Berkowitz;tberkowitzp0@oracle.com;Male
902;Shell;Leap;sleapp1@geocities.com;Female
903;Peta;Dominelli;pdominellip2@phpbb.com;Female
904;Rutledge;Cannicott;rcannicottp3@youtube.com;Male
905;Welch;Haney;whaneyp4@xinhuanet.com;Male
906;Tremayne;Ralph;tralphp5@t-online.de;Male
907;Nell;Northidge;nnorthidgep6@businessweek.com;Female
908;Leodora;Wootton;lwoottonp7@si.edu;Female
909;Patsy;Fussen;pfussenp8@cbsnews.com;Female
910;Adham;Clapperton;aclappertonp9@ucsd.edu;Male
911;Barty;Coppens;bcoppenspa@php.net;Male
912;Siouxie;Craven;scravenpb@webmd.com;Female
913;Doll;Flips;dflipspc@hubpages.com;Female
914;Armstrong;Fruchter;afruchterpd@delicious.com;Male
915;Humfried;Brocket;hbrocketpe@google.de;Male
916;Kellby;Luker;klukerpf@newsvine.com;Male
917;Frants;Soutter;fsoutterpg@vimeo.com;Male
918;Ulla;Valentetti;uvalentettiph@topsy.com;Female
919;Jaquenetta;Stoffels;jstoffelspi@unblog.fr;Female
920;Theobald;Curnokk;tcurnokkpj@issuu.com;Male
921;Elianore;Seczyk;eseczykpk@marketwatch.com;Female
922;Georgie;Howship;ghowshippl@engadget.com;Female
923;Arlen;Tristram;atristrampm@ameblo.jp;Male
924;Penny;Dechelette;pdechelettepn@dedecms.com;Female
925;Joannes;Kinkaid;jkinkaidpo@bluehost.com;Female
926;Hugues;Creber;hcreberpp@ovh.net;Male
927;Sharona;Yeardley;syeardleypq@bravesites.com;Female
928;Biron;Simonel;bsimonelpr@sciencedaily.com;Male
929;Bank;Batham;bbathamps@creativecommons.org;Male
930;Eliot;Airy;eairypt@ask.com;Male
931;Kalvin;Botfield;kbotfieldpu@discovery.com;Male
932;Garrik;Vergo;gvergopv@taobao.com;Male
933;Emlyn;Ajam;eajampw@nifty.com;Male
934;Cassey;Dibbin;cdibbinpx@studiopress.com;Female
935;Dewie;Blatcher;dblatcherpy@amazon.co.jp;Male
936;Erastus;Thaxton;ethaxtonpz@earthlink.net;Male
937;Zechariah;Smeall;zsmeallq0@npr.org;Male
938;Cassie;Macak;cmacakq1@ed.gov;Male
939;Brander;Busswell;bbusswellq2@elegantthemes.com;Male
940;Jodi;Tubble;jtubbleq3@example.com;Female
941;Cordula;Kingsnoad;ckingsnoadq4@about.me;Female
942;Arden;Andreoletti;aandreolettiq5@amazon.co.jp;Female
943;Emmye;Plenderleith;eplenderleithq6@alibaba.com;Female
944;Frasier;Moffett;fmoffettq7@alibaba.com;Male
945;Gus;Chesley;gchesleyq8@cnbc.com;Female
946;Marleah;Magne;mmagneq9@cdc.gov;Female
947;Bailie;Garrett;bgarrettqa@uiuc.edu;Male
948;Chelsae;Fortune;cfortuneqb@joomla.org;Female
949;Kit;Greve;kgreveqc@ovh.net;Male
950;Riccardo;Forrington;rforringtonqd@360.cn;Male
951;Lora;Drinkel;ldrinkelqe@theatlantic.com;Female
952;Nikita;Boyall;nboyallqf@vimeo.com;Male
953;Leshia;Ibbitt;libbittqg@google.ca;Female
954;Ardyce;Jarratt;ajarrattqh@sciencedirect.com;Female
955;Win;Kingdom;wkingdomqi@wikipedia.org;Male
956;Anabal;Mabon;amabonqj@360.cn;Female
957;Nico;Wewell;nwewellqk@seattletimes.com;Male
958;Fabiano;Syson;fsysonql@artisteer.com;Male
959;Fredek;Feldmark;ffeldmarkqm@about.com;Male
960;Sheelah;Pattinson;spattinsonqn@shutterfly.com;Female
961;Juliette;Bucham;jbuchamqo@plala.or.jp;Female
962;Barbette;McMurraya;bmcmurrayaqp@1und1.de;Female
963;Adan;Cremer;acremerqq@hubpages.com;Male
964;Tiena;Fanshawe;tfanshaweqr@meetup.com;Female
965;Mordy;Marion;mmarionqs@bravesites.com;Male
966;Nadia;Cordelette;ncordeletteqt@timesonline.co.uk;Female
967;Amalee;Chat;achatqu@berkeley.edu;Female
968;Jessica;Attiwill;jattiwillqv@dyndns.org;Female
969;Liuka;Sunley;lsunleyqw@msn.com;Female
970;Corty;Hundell;chundellqx@homestead.com;Male
971;Noby;Sparway;nsparwayqy@blog.com;Male
972;Felita;Izhak;fizhakqz@feedburner.com;Female
973;Nikolai;Perham;nperhamr0@dedecms.com;Male
974;Petronella;Noad;pnoadr1@walmart.com;Female
975;Jamison;Folliott;jfolliottr2@photobucket.com;Male
976;Tim;Peery;tpeeryr3@addtoany.com;Male
977;Fonzie;Canada;fcanadar4@meetup.com;Male
978;Dalt;Pinchbeck;dpinchbeckr5@multiply.com;Male
979;Sasha;Giovani;sgiovanir6@1688.com;Male
980;Jaquenette;Greenway;jgreenwayr7@digg.com;Female
981;Dill;Dun;ddunr8@go.com;Male
982;Renault;Brodley;rbrodleyr9@goodreads.com;Male
983;Fey;Hawkings;fhawkingsra@ca.gov;Female
984;Reece;Aldren;raldrenrb@omniture.com;Male
985;Pennie;Seers;pseersrc@narod.ru;Female
986;Ira;Findley;ifindleyrd@ezinearticles.com;Male
987;Virgilio;Dewes;vdewesre@vkontakte.ru;Male
988;Efren;Blamey;eblameyrf@va.gov;Male
989;Derrek;Ateridge;dateridgerg@bluehost.com;Male
990;Rowen;Dabel;rdabelrh@skyrock.com;Male
991;Jordon;Marchment;jmarchmentri@reddit.com;Male
992;Jdavie;Saywell;jsaywellrj@slashdot.org;Male
993;Carolee;Moynihan;cmoynihanrk@twitpic.com;Female
994;Brandtr;Ferney;bferneyrl@vinaora.com;Male
995;Madonna;Ewan;mewanrm@blogspot.com;Female
996;Pammi;Snyder;psnyderrn@linkedin.com;Female
997;Dela;Hadwick;dhadwickro@furl.net;Female
998;Andrus;Kimberly;akimberlyrp@icq.com;Male
999;Raeann;Janota;rjanotarq@army.mil;Female
1000;Louie;Duffit;lduffitrr@pbs.org;Male
